Date,Close,High,Low,Open,Volume,Ticker,MA_7,MA_30,Volatility,Daily_Return
,AAPL,AAPL,AAPL,AAPL,AAPL,,,,,
2023-08-22,175.51087951660156,175.95651153189084,174.54038966607246,175.34253031574917,42038900,AAPL,,,,
2023-08-23,179.36314392089844,179.78898080878903,176.60021337314086,176.78837280424742,52722800,AAPL,,,,0.02194886388186834
2023-08-24,174.6691436767578,179.34336155038372,174.30272234931607,178.91752463221655,54945800,AAPL,,,,-0.026170372248887075
2023-08-25,176.87747192382812,177.41222723977137,174.1145417550287,175.65940723528453,51449600,AAPL,,,,0.012642921357403747
2023-08-28,178.4421844482422,178.83829845949455,176.81809282485807,178.34314839003864,43820700,AAPL,,,,0.008846307601501069
2023-08-29,182.3340301513672,183.10646293821267,177.75884901223952,177.9569059889832,53003900,AAPL,,,,0.021810121385584358
2023-08-30,185.82980346679688,186.027875570887,182.9480417259573,183.14609871926743,60813900,AAPL,179.0038081577846,,,0.019172358075602247
2023-08-31,186.04766845703125,187.28554353881972,185.66145203594442,186.0179606639307,60794500,AAPL,180.50906372070312,,,0.0011723899297633178
2023-09-01,187.6222686767578,188.07779827305947,186.45370666949987,187.65197647170007,45766500,AAPL,181.6889386858259,,,0.008463423555830296
2023-09-05,187.85987854003906,188.13716128920234,185.790155479936,186.45365456620354,45280000,AAPL,183.57332938058036,,,0.0012664267677660046
2023-09-06,181.1357879638672,187.01817274976997,179.70975345688714,186.57252563325392,81755800,AAPL,184.18166024344308,,,-0.03579311680827446
2023-09-07,175.8376922607422,176.48139642487362,171.85668142571674,173.48077306769622,112488800,AAPL,183.80958993094308,,,-0.02924930386579294
2023-09-08,176.45166015625,178.4916910043361,176.06544373133067,176.62002446653017,65551300,AAPL,182.96925136021204,,,0.003491673984195476
2023-09-11,177.62022399902344,178.5511084974291,175.619813594627,178.3233437087065,58953100,AAPL,181.79645429338728,,,0.0066225721069366195
2023-09-12,174.58990478515625,178.38275585399316,173.12426491742679,177.7489644157226,90370200,AAPL,180.15963091169084,,,-0.0170606654222204
2023-09-13,172.5201873779297,175.58021106580875,172.29240747476095,174.7978655233742,84267900,AAPL,178.00219072614397,,,-0.01185473701800499
2023-09-14,174.0353546142578,174.39186327435525,171.89630265367322,172.31222690532334,60895800,AAPL,176.02725873674666,,,0.00878255037486686
2023-09-15,173.31240844726562,174.78796097983732,172.13396406629226,174.76815074757482,109259500,AAPL,174.90963309151786,,,-0.004154018984214858
2023-09-18,176.24368286132812,177.64000941385729,174.4611399337141,174.76813049970744,67257600,AAPL,174.96763174874442,,,0.01691324031743746
2023-09-19,177.33303833007812,177.88760394386657,175.4118538031827,175.7980702206982,51826900,AAPL,175.09354291643416,,,0.00618096178577443
2023-09-20,173.7877655029297,177.95692035427507,173.69862701203755,177.52118590379774,58436200,AAPL,174.5460488455636,,,-0.01999217326074043
2023-09-21,172.24288940429688,174.58991092023126,172.17357625479622,172.85688574257026,63149100,AAPL,174.21076093401228,,,-0.008889441061412207
2023-09-22,173.09454345703125,175.36233909077248,172.36173107244514,172.97571228348323,56725400,AAPL,174.29281180245536,,,0.0049444946939745105
2023-09-25,174.37203979492188,175.2534062611611,172.46075278406465,172.51027081019092,46172700,AAPL,174.34090968540735,,,0.007380338584779045
2023-09-26,170.2919921875,173.50055447022797,169.99489916963813,173.1242507509963,64588900,AAPL,173.90942164829798,,,-0.02339851969513229
2023-09-27,168.77682495117188,171.36150860467507,167.41022120055555,170.94558441007192,66921800,AAPL,172.8427276611328,,,-0.008897466151314037
2023-09-28,169.0343475341797,170.36134620682475,165.99411859544844,167.6974361884009,56294400,AAPL,171.6572004045759,,,0.0015258172031753503
2023-09-29,169.54928588867188,171.39124466953126,168.68771453081845,170.35142654777866,51861100,AAPL,171.05170331682478,,,0.0030463533713942503
2023-10-02,172.0646209716797,172.60928898108386,169.27196778388654,169.55916323919894,52164500,AAPL,171.02623639787947,,,0.014835421274846272
2023-10-03,170.72772216796875,171.9458021063211,169.1630613901914,170.58908076573104,49594600,AAPL,170.68811907087053,176.25261484781902,5.369446020910605,-0.007769748343158689
2023-10-04,171.9755096435547,172.5201776911012,169.31160010164683,169.43043127173715,53020300,AAPL,170.34575762067522,176.1347691853841,5.424797457508837,0.007308640095123664
2023-10-05,173.21339416503906,173.74814957044222,171.00501406167223,172.1042477774046,48527900,AAPL,170.76310076032365,175.92977752685547,5.414781102874748,0.007198027928802642
2023-10-06,175.76837158203125,176.26352163595584,171.5001654241457,172.1141617663429,57266700,AAPL,171.76189313616072,175.96641845703124,5.409673184122867,0.014750461009717108
2023-10-09,177.25381469726562,177.3132302836497,174.09475506108697,175.09495269037185,42390800,AAPL,172.93610273088728,175.97896321614584,5.412294447294058,0.008451139996715096
2023-10-10,176.65960693359375,177.97670767634264,176.2238725392073,176.37242659771795,43698000,AAPL,173.95186288016183,175.91954396565754,5.3940737019311324,-0.003352298875410553
2023-10-11,178.0559539794922,178.10547200469523,175.87729686757618,176.4714678376734,47551100,AAPL,174.8077675955636,175.77694142659504,5.273856967677931,0.007904167059668232
2023-10-12,178.95713806152344,180.57131695227565,177.30332359387822,178.3233466007442,56743100,AAPL,175.9833984375,175.5478525797526,4.962176304374848,0.005061240929550959
2023-10-13,177.1151580810547,180.16526873253892,176.41203844407568,179.66022118086906,51427100,AAPL,176.71763392857142,175.2501022338867,4.562301565336329,-0.010292855598950768
2023-10-16,176.98643493652344,177.3429435766639,174.79786506856496,175.03554253225204,52517000,AAPL,177.2566397530692,174.89557444254558,3.9383040360829162,-0.0007267765555805106
2023-10-17,175.43165588378906,176.6893412361662,173.1044597256959,174.93650583601004,57549400,AAPL,177.20853751046317,174.4813003540039,3.0898188413831957,-0.0087847356962244
2023-10-18,174.1343536376953,175.8574811296678,173.41143884685883,173.87688106979198,54764400,AAPL,176.76290021623885,174.24791920979817,2.822731604525594,-0.0073949153564002446
2023-10-19,173.75807189941406,176.11497599372035,173.49068662646167,174.33243269200634,59302900,AAPL,176.34839521135603,174.17859853108723,2.807840064235877,-0.0021608702155586634
2023-10-20,171.2030792236328,173.71843472751576,170.96540176933075,173.60950111647477,64244000,AAPL,175.3694131033761,174.00364583333334,2.8247896569065554,-0.014704310699650835
2023-10-23,171.3218994140625,172.32209697076135,168.28167117128655,169.25217604772806,55980100,AAPL,174.2786647251674,173.7937016805013,2.7804334279878526,0.000694030685479019
2023-10-24,171.7576446533203,171.98540943587548,169.78694209599936,171.3714282347356,43816600,AAPL,173.5133056640625,173.6992930094401,2.800478347659746,0.0025434298869444483
2023-10-25,169.4403533935547,171.38133313025827,168.99470625930118,170.2127862637829,57157000,AAPL,172.43529401506697,173.5966318766276,2.8998798287313674,-0.013491633891713484
2023-10-26,165.27117919921875,169.71763198356828,164.06301189675906,168.71741923518283,70625300,AAPL,170.98379734584265,173.3044926961263,3.2717711813546955,-0.02460555653264196
2023-10-27,166.58828735351562,167.321114882013,165.2117707914918,165.29099661436564,58499100,AAPL,169.9057878766741,173.08035532633463,3.493986646837244,0.007969375911024645
2023-10-30,168.63819885253906,169.50966778359705,167.23197451155576,167.3805285943209,51131000,AAPL,169.17437744140625,172.82683919270832,3.5322569619095847,0.012305255859154984
2023-10-31,169.11355590820312,169.24228464861295,166.27138428536674,167.70733154956028,44846000,AAPL,168.87587411063058,172.5528564453125,3.489190123465763,0.0028187982254228583
2023-11-01,172.28250122070312,172.53997379429074,168.46983997695696,169.34130885799144,56934900,AAPL,169.01310294015067,172.50268096923827,3.481634317128262,0.018738564720501394
2023-11-02,175.8475799560547,176.05553449603235,173.7580463313888,173.81746191423957,77334800,AAPL,169.59737941196985,172.62283732096355,3.5341646778608684,0.020693214401296123
2023-11-03,174.9364776611328,175.10484194774793,171.66849996074876,172.54986629941328,79829200,AAPL,170.3825400216239,172.68423512776693,3.55855750202527,-0.005181204627038749
2023-11-06,177.49148559570312,177.68954259678722,174.50079012453784,174.66913933099835,63841300,AAPL,172.12829807826452,172.78821665445963,3.653874755283255,0.014605346859215773
2023-11-07,180.05636596679688,180.67034717470034,177.23400472320088,177.44195927584823,70530000,AAPL,174.05230930873327,173.1136957804362,3.853301222754587,0.01445072343884779
2023-11-08,181.115966796875,181.67053238037917,179.8285737718667,180.5812114444328,49340300,AAPL,175.83484758649553,173.5250005086263,4.028958642443326,0.005884828477952908
2023-11-09,180.64065551757812,182.33406032637882,180.0464693782347,181.18532362684607,53763500,AAPL,177.48157610212053,173.91187744140626,4.13862834919078,-0.0026243477463803178
2023-11-10,184.83511352539062,185.00369964258533,181.989212824357,182.42552132152326,66133400,AAPL,179.2748064313616,174.42140502929686,4.507524071406117,0.023219900280999184
2023-11-13,183.24856567382812,184.46823531200093,182.66352248721634,184.26000678217753,43627500,AAPL,180.33209010532923,174.79420318603516,4.761231383592072,-0.008583584695039836
2023-11-14,185.8664093017578,186.53078271340215,184.7359804157126,186.1242211071054,60108400,AAPL,181.8935089111328,175.2988260904948,5.105198690728129,0.014285752351204106
2023-11-15,186.4315948486328,187.90909130382101,186.20353000343164,186.2729495954029,53790500,AAPL,183.17066737583704,175.78069559733072,5.451215359107374,0.003040815976368405
2023-11-16,188.1173553466797,189.35686136039257,187.0662415372727,187.97853127837138,54412900,AAPL,184.3222372872489,176.27749430338542,5.872068854555285,0.009042246832762224
2023-11-17,188.0974884033203,188.78169803245333,186.98689603758916,188.6527845861859,50922700,AAPL,185.31959751674108,176.68846486409504,6.2542144049529425,-0.00010560930607794727
2023-11-20,189.84271240234375,190.29885721130628,188.28590092727276,188.29581152699646,46505100,AAPL,186.6341770717076,177.10809478759765,6.699903927651906,0.009278295068360087
2023-11-21,189.03952026367188,189.91213724546566,188.14708208188244,189.80306012274144,38134500,AAPL,187.23480660574776,177.52075856526693,7.043759030926777,-0.004230829450906803
2023-11-22,189.7039031982422,191.31029805901488,189.22793715258507,189.88239992204348,39617700,AAPL,188.15699768066406,177.90902353922527,7.38694511447476,0.003514518729436311
2023-11-24,188.37515258789062,189.2973377280717,187.66119596873028,189.26759079649733,24048300,AAPL,188.51538957868303,178.22295735677082,7.629178257284187,-0.007004339857799358
2023-11-27,188.1966552734375,189.0692722786972,187.31412766791345,188.3255687303111,40552600,AAPL,188.76754106794084,178.59234059651692,7.839072291005286,-0.000947562945542102
2023-11-28,188.801513671875,189.47581268170356,187.80990905147505,188.18672364904648,38415400,AAPL,188.86527797154017,178.98617655436198,8.049578391545957,0.0032139699696505097
2023-11-29,187.7801971435547,190.47736342450784,187.38356127369806,189.2973512852548,43014200,AAPL,188.8199506487165,179.39779459635417,8.176275508884762,-0.005409472140648686
2023-11-30,188.35531616210938,188.7222202024886,186.61009727764167,188.2462390361622,48794400,AAPL,188.60746547154017,179.8718266805013,8.27227430698502,0.0030627245433927364
2023-12-01,189.63450622558594,189.95181189166442,187.64137090627887,188.73214223180454,45704800,AAPL,188.69246346609933,180.40104115804036,8.374870085600236,0.006791366920462227
2023-12-04,187.83969116210938,188.454496430777,185.8763178825686,188.3850768316175,43389500,AAPL,188.4261474609375,180.95559488932292,8.295241956687379,-0.00946460166559282
2023-12-05,191.79620361328125,192.76797210608754,188.58339853026055,188.61316059527184,66628400,AAPL,188.9148690359933,181.63807169596353,8.317529485924437,0.021063239758828844
2023-12-06,190.7054443359375,193.12494736273675,190.4972006683192,192.81755229252437,41089700,AAPL,189.2732674734933,182.26966501871746,8.260593428658291,-0.0056870743883077335
2023-12-07,192.63905334472656,193.3629205543118,191.96475426663108,192.0044269286476,47477700,AAPL,189.8214874267578,183.04295501708984,8.102529117390658,0.010139243876975623
2023-12-08,194.0669708251953,194.34461894265894,192.04408867717459,192.56963798027982,53406400,AAPL,190.71959795270647,184.00281473795573,7.61561769440162,0.007412398761706518
2023-12-11,191.55821228027344,191.86562248491865,189.8129932403368,191.4888078106811,60943700,AAPL,191.17715454101562,184.83514556884765,6.985123065064181,-0.012927282444067378
2023-12-12,193.0753631591797,193.08527375940776,190.11045957675134,191.45904261144975,52696900,AAPL,191.668705531529,185.64971771240235,6.434338517249023,0.007920051355911006
2023-12-13,196.2980499267578,196.33770745258008,193.21415906810856,193.45213448441257,70404200,AAPL,192.87704249790735,186.55586751302084,5.918788786800403,0.016691341219548628
2023-12-14,196.4468231201172,197.9441408874326,194.51319682969313,196.35758232148717,66831600,AAPL,193.54141671316964,187.36134490966796,5.5415918377536135,0.0007578944030004475
2023-12-15,195.91136169433594,196.73438033852585,195.34613971264017,195.87168903034603,128538400,AAPL,194.28511919294084,188.03013763427734,5.309995308614732,-0.0027257321715701277
2023-12-18,194.24545288085938,194.97924583916173,192.75804576345098,194.4437708037096,55751900,AAPL,194.51460484095983,188.67377014160155,4.815362567848779,-0.008503380299483276
2023-12-19,195.28665161132812,195.2965622122741,194.24546354583867,194.51320107826476,40714100,AAPL,194.68884495326452,189.2669423421224,4.474351808260469,0.00536022189980101
2023-12-20,193.1943359375,196.0204001139627,193.1943359375,195.24694969676773,52242800,AAPL,194.92257690429688,189.70487467447916,4.174681736678003,-0.010714074190756206
2023-12-21,193.04559326171875,195.42545358966169,191.875506993429,194.45368523269553,46482500,AAPL,194.91832406180245,190.10252888997397,3.886573956097152,-0.0007699121977849943
2023-12-22,191.9746856689453,193.76948784569112,191.349969834571,193.54140785907617,37149600,AAPL,194.30070059640067,190.48032989501954,3.4628778727086456,-0.005547433508733657
2023-12-26,191.42930603027344,192.2622504150879,191.21115176796184,191.9846022868164,28919300,AAPL,193.5839124407087,190.70013631184895,3.2975268355109617,-0.002840893510368203
2023-12-27,191.5284423828125,191.87551008122907,189.48573911500236,190.87399477798158,48087700,AAPL,192.95778111049108,190.97613220214845,2.983932765527378,0.0005178744811591418
2023-12-28,191.95484924316406,193.0257841884141,191.5482876644632,192.51014548202977,34049900,AAPL,192.63055201939173,191.1790802001953,2.827358764768651,0.0022263370131694327
2023-12-29,190.91366577148438,192.76796185552627,190.12037892679615,192.27215946893213,42672100,AAPL,192.00583975655692,191.32848256429037,2.6825551742274607,-0.005424106115499816
2024-01-02,184.0814971923828,186.85799339797134,182.34618895522584,185.5788148528252,82488700,AAPL,190.7040056501116,191.19395395914714,2.9381643708003,-0.03578669212333585
2024-01-03,182.70318603515625,184.3195067154423,181.8900628291485,182.67343910134508,58414500,AAPL,189.22651890345983,191.01414388020834,3.2794373849445173,-0.007487505144452955
2024-01-04,180.3828125,181.55289876959398,179.36146088139282,180.62078794157884,71983600,AAPL,187.57053702218192,190.69881388346354,3.8081425569811564,-0.012700235751278877
2024-01-05,179.65895080566406,181.22568820887324,178.6574354024576,180.46216340525032,62379700,AAPL,185.88905770438058,190.3861282348633,4.3021594189233685,-0.004012919436744755
2024-01-08,184.00218200683594,184.04185467153414,179.97626898919978,180.56131218264795,59144500,AAPL,184.81387765066964,190.1960708618164,4.456511619391485,0.024174866777831205
2024-01-09,183.58570861816406,183.59561921893004,181.19593746369003,182.37594957443397,42841800,AAPL,183.6182861328125,190.0364227294922,4.607231566250953,-0.0022634154884989544
2024-01-10,184.6268768310547,184.8351053395885,182.3759299825551,182.8023278606972,46792900,AAPL,182.72017342703683,189.91743011474608,4.701520530676248,0.005671292284826546
2024-01-11,184.0319061279297,185.47965559618967,182.07844372761645,184.97392753345,49128400,AAPL,182.7130889892578,189.7584431966146,4.819716623514758,-0.0032225573726702983
2024-01-12,184.35916137695312,185.1722845702879,183.6352941143493,184.49798544280438,40477800,AAPL,182.9496568952288,189.6444086710612,4.907801854084437,0.0017782527818623883
2024-01-16,182.08837890625,182.71307958868692,179.41103406753936,180.63071876275188,65603000,AAPL,183.1933092389788,189.43551076253254,5.0943908584940765,-0.012317166414421488
2024-01-17,181.14634704589844,181.39424823145328,178.786338048284,179.74819585869176,47317400,AAPL,183.40579441615515,189.15257212320964,5.31393982053683,-0.005173486995765808
2024-01-18,187.04638671875,187.55209963440907,184.26989072089356,184.5277024783634,78005800,AAPL,183.84068080357142,189.12612864176432,5.322665001672771,0.032570569426700224
2024-01-19,189.95181274414062,190.3385380102556,187.23482528040057,187.74053828049293,68903000,AAPL,184.75012425013952,189.0646489461263,5.30136996014354,0.01553318444883578
2024-01-22,192.2622528076172,193.69016613117572,190.64593215238241,190.68560481730813,60133900,AAPL,185.8408922467913,189.11654256184895,5.325549518993387,0.012163295680619024
2024-01-23,193.54141235351562,194.10663433692045,192.20275498822556,193.38276708914043,42355600,AAPL,187.19939313616072,189.14662119547526,5.348628897557928,0.006653201693097799
2024-01-24,192.8671112060547,194.73133285541883,192.70845082511164,193.7793857004472,53631300,AAPL,188.41481454031808,189.10662587483725,5.314947426021833,-0.0034840148124437587
2024-01-25,192.53990173339844,194.62227786062397,191.48880306885755,193.5810897970112,54822100,AAPL,189.90788922991072,189.13934885660808,5.333551257617902,-0.0016965540190346795
2024-01-26,190.8045654296875,193.12491668531047,190.3285994330514,192.63904008919584,44594000,AAPL,191.28763471330916,189.06365559895832,5.29171491360458,-0.009012865842810025
2024-01-29,190.12037658691406,190.5864320350317,187.98843240307312,190.3980247095346,47145600,AAPL,191.72677612304688,188.85773315429688,5.117829656646008,-0.003585809601739154
2024-01-30,186.46136474609375,190.1898085739461,185.89615786346673,189.33702781871273,55859400,AAPL,191.22814069475447,188.52488454182944,4.928446214239121,-0.019245763691971174
2024-01-31,182.85191345214844,185.5292584344751,182.8023453182215,185.46974943852436,55467800,AAPL,189.88380650111608,188.08956960042318,4.829276606877517,-0.01935763636000598
2024-02-01,185.29124450683594,185.3804852934909,182.27677304456427,182.44534401847454,64885400,AAPL,188.70521109444755,187.79109598795574,4.710950534706756,0.013340473220291749
2024-02-02,184.28977966308594,185.75735070195137,177.74518116619674,178.35006077009314,102551700,AAPL,187.47987801688058,187.42453358968098,4.532044584732237,-0.005404814708948935
2024-02-05,186.1043701171875,187.6611968198497,184.27982102914154,186.57042555488334,69668800,AAPL,186.56051635742188,187.18820139567057,4.403838610472087,0.009846397653841432
2024-02-06,187.7107696533203,187.72068025311026,185.2020110139772,185.2912518041467,43490800,AAPL,186.11854553222656,187.0103739420573,4.264672040263509,0.008631713135598407
2024-02-07,187.81983947753906,189.4460704904296,187.02655273524672,189.03950895453542,53439000,AAPL,185.78989737374442,186.87187906901042,4.164177359479137,0.000581052565178819
2024-02-08,186.739013671875,187.94875754592414,185.77715585449096,187.8000228857875,40962000,AAPL,185.8295615059989,186.71553599039714,4.074246438953193,-0.005754588059869503
2024-02-09,187.5034942626953,188.63536538849903,186.65954875354646,187.30490815466524,45155200,AAPL,186.49407305036272,186.58137105305988,3.9753630964018147,0.004093845071729829
2024-02-12,185.8156280517578,187.32479480430874,185.45819421957458,187.0765772861258,41781900,AAPL,186.56898498535156,186.3767303466797,3.845093607317813,-0.009001785367118376
2024-02-13,183.72067260742188,184.88234393093236,182.20158259974826,184.4454786725173,56529500,AAPL,186.48768397739954,186.1369639078776,3.7760763340299035,-0.011274377006396885
2024-02-14,182.83702087402344,184.2071864451767,181.13922150541597,183.9986922104331,54630500,AAPL,186.0209197998047,186.0954813639323,3.806151457007871,-0.0048097566858283924
2024-02-15,182.54910278320312,183.1746158133602,180.05700420987225,182.24131546677532,65434500,AAPL,185.28353881835938,186.09034525553386,3.810987837134137,-0.0015747253452499388
2024-02-16,181.01014709472656,183.53204565484478,180.37471083115267,182.1122335213933,49752500,AAPL,184.31072562081474,186.11125640869142,3.780186938711438,-0.008430365666076356
2024-02-20,180.26548767089844,181.12927978468986,178.7166127841021,180.49384354523508,53665600,AAPL,183.3859361921038,186.13147430419923,3.7459545401924697,-0.004113909832018536
2024-02-21,181.02008056640625,181.5860086349742,179.37191259479573,180.64278508736416,41371400,AAPL,182.45973423549108,186.03207092285157,3.842723156138224,0.004186008676743791
2024-02-22,183.05545043945312,183.64125529629035,181.15908011476066,182.17179668082835,52292200,AAPL,182.06542314801897,186.01439565022787,3.8555617011301546,0.011243889996503498
2024-02-23,181.21865844726562,183.72068024032762,180.93071762862238,183.69089534874325,45119700,AAPL,181.70799255371094,185.90078837076823,3.946984939791809,-0.010034074307965102
2024-02-26,179.8683319091797,181.45691481099774,179.36195851579282,180.94063332165365,40867400,AAPL,181.28389413016183,185.76200256347656,4.08572780182494,-0.007451365933596077
2024-02-27,181.32785034179688,182.60864595739088,178.27973221361,179.80876047563007,54318900,AAPL,181.10942949567522,185.66095886230468,4.158453899076439,0.008114371313312274
2024-02-28,180.1265106201172,181.81438693718425,178.84571472275368,181.20873550664876,48953900,AAPL,180.98319571358817,185.59556325276694,4.231360416772401,-0.006625235557666365
2024-02-29,179.46127319335938,181.26830407372196,178.2499704416867,179.97756989489093,136682600,AAPL,180.8683079310826,185.53939412434895,4.3030352514046,-0.003693167787837681
2024-03-01,178.37904357910156,179.24283570733874,176.11530099131116,178.26982726346276,73563100,AAPL,180.4910169328962,185.25048268636067,4.485466021809117,-0.006030435397010536
2024-03-04,173.85153198242188,175.63868574855184,172.55085963930404,174.89403329600003,81510100,AAPL,179.1761714390346,184.71380666097005,4.851788492501347,-0.02538140975440306
2024-03-05,168.90704345703125,170.8133520831047,168.41060844555398,169.5424796657224,95132400,AAPL,177.41736929757255,183.9352996826172,5.437254080049149,-0.028440868303021727
2024-03-06,167.9141845703125,170.01907946057096,167.47731930724007,169.84035496658896,68587700,AAPL,175.70963396344865,183.08105875651043,5.871776820901975,-0.005878137858539523
2024-03-07,167.7950439453125,169.51270494606766,167.28868565722726,167.94396839769192,71765100,AAPL,173.77637590680803,182.24532318115234,6.20566186335129,-0.0007095328206183638
2024-03-08,169.51271057128906,172.46153602621885,167.73547973060533,167.7950495135339,76267000,AAPL,172.26011875697546,181.47775014241537,6.311628460602482,0.010236694634058408
2024-03-11,171.51829528808594,173.13667826239134,170.8232893067872,171.7069430151515,60139500,AAPL,171.12540762765067,180.83487447102866,6.311089158535741,0.011831470985495418
2024-03-12,171.994873046875,172.7891721100731,169.79070034274764,171.91544162555573,59825400,AAPL,170.213383265904,180.230691019694,6.258895713417268,0.002778582646175476
2024-03-13,169.90985107421875,171.95516088785197,169.54247886546352,171.53815729817867,52488700,AAPL,169.65028599330358,179.67897389729816,6.418201970775916,-0.012122582119572844
2024-03-14,171.76651000976562,173.06716728584055,170.82328653971078,171.67715534575908,72913500,AAPL,170.05878121512276,179.30946044921876,6.54704332661306,0.010927317773563816
2024-03-15,171.38922119140625,171.38922119140625,169.0758321837892,169.94956266563446,121752700,AAPL,170.55521501813615,178.84605967203777,6.6008248028931185,-0.0021965214193262472
2024-03-18,172.48138427734375,176.44294118443133,172.282813299669,174.31819990832292,75604200,AAPL,171.22469220842635,178.45244649251302,6.6170699312126455,0.006372414077999489
2024-03-19,174.82455444335938,175.35077434046616,171.79629786095623,173.09695515946524,55215200,AAPL,171.98352704729353,178.07645263671876,6.486461614291951,0.01358506122752301
2024-03-20,177.39608764648438,177.39608764648438,173.84161109695287,174.46712406809783,53423100,AAPL,172.82321166992188,177.73262990315754,6.226328286251129,0.014709222118785004
2024-03-21,170.14813232421875,176.22450721449738,169.6219124199128,175.78764197696165,106181300,AAPL,172.55939156668526,177.14357299804686,6.073148701372894,-0.040857469961284476
2024-03-22,171.05166625976562,171.81618050845861,168.8474933401544,170.5353695457136,71160100,AAPL,172.7225080217634,176.62066141764322,5.8910998612342205,0.005310278303996885
2024-03-25,169.63186645507812,170.71409125238694,168.24183919385965,169.35386403283357,54288300,AAPL,172.41755894252233,176.02494049072266,5.651387901819968,-0.008300414931540878
2024-03-26,168.49998474121094,170.19778406175462,168.37090678526505,168.78791039294236,57388400,AAPL,172.0048108782087,175.4477523803711,5.499154743703288,-0.006672577137308844
2024-03-27,172.07432556152344,172.36226639285164,168.89714406925813,169.19500814821973,60273300,AAPL,171.9466596330915,175.05954081217448,5.302562609912302,0.021212707086010196
2024-03-28,170.25735473632812,171.00200728609337,169.29426955996547,170.5254338962422,65672700,AAPL,171.29420253208704,174.64021860758464,5.16184542777126,-0.010559220960280169
2024-04-01,168.81768798828125,170.02899062252595,168.27160644825386,169.969420845431,46240500,AAPL,170.06871686662947,174.18250478108723,5.043812029525018,-0.008455827064131505
2024-04-02,167.6361846923828,168.13261974429108,167.0305333230549,167.87447897129715,49329500,AAPL,169.7098672049386,173.73670603434246,5.010460317999065,-0.006998693738658801
2024-04-03,168.44039916992188,169.46305411699578,167.37803608655156,167.5865303145986,47691700,AAPL,169.33682904924666,173.34253641764323,4.9438274000792894,0.0047973799869927
2024-04-04,167.6163330078125,170.69422114433502,167.6163330078125,169.0758380772312,53704400,AAPL,169.04889569963728,172.89574483235677,4.830426165269674,-0.004892330855129745
2024-04-05,168.3708953857422,169.1751176568126,167.74538244157907,168.38081863168355,42104800,AAPL,169.03045436314173,172.40625966389973,4.49798523399937,0.004501723456117546
2024-04-08,167.2489471435547,167.99359963764888,167.04045292920483,167.82481355698678,37425500,AAPL,168.3411145891462,171.94060262044272,4.271633255619094,-0.006663552151439767
2024-04-09,168.46026611328125,168.86734648560252,167.1496854743383,167.49718091534808,42373800,AAPL,168.08438764299666,171.56033376057943,4.04323354634735,0.007242610434413432
2024-04-10,166.583740234375,167.88439761067826,165.91851910107465,167.59647195447172,49709300,AAPL,167.76525224958147,171.06886342366536,3.696224532279208,-0.011139278847181577
2024-04-11,173.79197692871094,174.208995705804,166.9610408919762,167.13975023930564,91070300,AAPL,168.64465114048548,170.8577123006185,3.323049225618916,0.04327094999904735
2024-04-12,175.29119873046875,177.08829097776882,172.96788660357228,173.0175179827845,101670900,AAPL,169.6233367919922,170.71870981852214,3.024565626883358,0.0086265305697788
2024-04-15,171.45870971679688,175.37061964403054,171.27006200710903,174.10967059769038,73531800,AAPL,170.17224775041853,170.48803202311197,2.662397408582125,-0.02186355642170479
2024-04-16,168.17233276367188,172.5210932508517,167.0702464097302,170.52542991803605,73711200,AAPL,170.14388166155135,170.298725382487,2.616503720312536,-0.019167162511331104
2024-04-17,166.8021697998047,169.43326939438703,166.8021697998047,168.4006911997193,50901200,AAPL,170.0800563267299,170.2285629272461,2.6824981864650126,-0.008147374430445997
2024-04-18,165.8489990234375,167.4375970919546,165.36250241682455,166.83194578270678,43122900,AAPL,169.70701817103796,170.15972340901692,2.7690416960637827,-0.0057143787608469054
2024-04-19,163.82354736328125,165.21355928091162,162.91010879598218,165.02492670994252,68149400,AAPL,169.31270490373885,170.0273401896159,2.9733866905506763,-0.01221262517158761
2024-04-22,164.65756225585938,166.06743588145892,163.59519920100377,164.33985172403135,48116400,AAPL,168.0077885219029,169.8655019124349,3.130350572576908,0.005090934154469817
2024-04-23,165.70999145507812,165.85893104014463,163.74411316214608,164.1710551260113,49537800,AAPL,166.63904462541853,169.67189178466796,3.20336967669301,0.006391623833124527
2024-04-24,167.8148956298828,168.09289802448964,165.02493328758231,165.35256706337344,48251800,AAPL,166.11849975585938,169.53255920410157,3.1897223261228747,0.012702337115111817
2024-04-25,168.67869567871094,169.39356334150216,166.9510963019663,168.3212618473153,50558300,AAPL,166.19083731515067,169.49152069091798,3.1926193763927864,0.005147338355072195
2024-04-26,168.0928955078125,170.1183436596222,167.97374080476908,168.66876193087458,44838400,AAPL,166.37522670200892,169.3690668741862,3.1727420093450425,-0.0034728758634358092
2024-04-29,172.26296997070312,174.77493022282954,171.8658279731322,172.13389200399433,68169400,AAPL,167.291508265904,169.3981918334961,3.195852202179143,0.024808154147697437
2024-04-30,169.11557006835938,173.7423484830038,168.78792110938284,172.0941804408779,65934800,AAPL,168.0475115094866,169.28599802652994,3.142516252687283,-0.018270902347028106
2024-05-01,168.0928955078125,171.47858587357683,167.90424778215495,168.37089789825708,50383100,AAPL,168.53827340262276,169.06160939534504,2.968943979549099,-0.006047193408232565
2024-05-02,171.79629516601562,172.1835138606425,169.67155396857694,171.27999852318183,94214900,AAPL,169.40774536132812,168.87494964599608,2.5770468593421203,0.022031863077943026
2024-05-03,182.07252502441406,185.66670996286234,181.35765733555206,185.31919936550048,163224100,AAPL,171.44454956054688,169.27242940266927,3.5253233746025603,0.059816364773570774
2024-05-06,180.4144287109375,182.88666551151155,179.1336178251023,181.04986495546194,78569700,AAPL,173.12108285086495,169.584521484375,4.061873454021082,-0.009106790347715665
2024-05-07,181.0994873046875,183.5816623782166,180.02720100491794,182.1420038655686,77305800,AAPL,174.97916739327567,169.9667755126953,4.573817219519633,0.0037971386138277996
2024-05-08,181.43707275390625,181.76472167822584,180.1562619452029,181.5462890620128,45057100,AAPL,176.28975350516183,170.39801177978515,5.018969590850116,0.0018640883761906757
2024-05-09,183.25404357910156,183.34339825305352,180.81157644111198,181.25836496086742,48983000,AAPL,178.30953543526786,170.77066904703776,5.536128796300405,0.010014330575426333
2024-05-10,181.9913787841797,184.01957427538,181.07670119634082,183.83067066594327,50759500,AAPL,180.29503304617745,171.16180318196615,5.901093403961318,-0.006890242475751096
2024-05-13,185.20269775390625,186.01796278299403,183.5522942832241,184.36755931231187,72044800,AAPL,182.2102334158761,171.70797017415364,6.412721973961189,0.017645445576489616
2024-05-14,186.3460235595703,187.2110023802185,185.2126171602605,186.42556271379902,52393600,AAPL,182.82073320661272,172.33163146972657,6.894754772717207,0.0061733755476029994
2024-05-15,188.622802734375,189.54741702859607,186.2863873072406,186.8232728469217,70400000,AAPL,183.9933580671038,173.00437825520834,7.463184545263358,0.012218018561994448
2024-05-16,188.74209594726562,189.99481870677727,188.5631442219314,189.36845732702145,52845200,AAPL,185.0851593017578,173.7085703531901,7.919950179188886,0.0006324432208688613
2024-05-17,188.77194213867188,189.7065083736888,188.0859301078384,188.4140234778259,41282900,AAPL,186.13299778529577,174.38860524495442,8.31198487904189,0.00015813213929005698
2024-05-20,189.93516540527344,190.81008101901142,187.91690657220929,188.2350632210391,44361300,AAPL,187.08744376046317,175.14481252034506,8.664531381892376,0.006162055935977184
2024-05-21,191.2375946044922,191.6153866469515,189.815856788038,189.98487181213304,42309400,AAPL,188.40833173479353,175.90405680338543,9.048051678382846,0.006857230447240736
2024-05-22,189.79595947265625,191.70486886169914,189.1696132758398,191.15804664976199,34648500,AAPL,189.06451198032923,176.67779744466145,9.214505726061477,-0.007538450453831835
2024-05-23,185.7992401123047,189.89540846653745,185.55068591274116,189.87551988281993,51005900,AAPL,188.9864000592913,177.07803955078126,9.344689256058315,-0.021057979165923002
2024-05-24,188.8813018798828,189.47783802324832,186.95251887628444,187.7280219308774,36327000,AAPL,189.02332850864954,177.53104298909506,9.581485630101115,0.016588129024183385
2024-05-28,188.89125061035156,191.8838376427625,188.00639828711084,190.40244918609352,52280100,AAPL,189.04463631766183,178.11212768554688,9.728012240892852,5.2671865185871525e-05
2024-05-29,189.18951416015625,191.13818582461732,188.41402624535667,188.51345399670836,53068000,AAPL,189.10428946358817,178.812700398763,9.744277448547223,0.0015790225796108448
2024-05-30,190.18373107910156,191.06858345257766,189.52755949973073,189.6567973718936,49889100,AAPL,189.1397988455636,179.5920857747396,9.68539888159032,0.0052551375447988935
2024-05-31,191.13818359375,191.45634025792617,188.81171987650453,190.33287039705309,75158300,AAPL,189.12559727260046,180.43505859375,9.54756412255459,0.005018581291011959
2024-06-03,192.9078826904297,193.8623374845637,191.4066207978332,191.784412862338,50080500,AAPL,189.57015773228235,181.40453643798827,9.275395439896482,0.009258741834865747
2024-06-04,193.2260284423828,194.19041988861153,191.91365507081835,193.51434462038463,47471400,AAPL,190.6311274937221,182.35681864420573,8.957826751856201,0.0016492107399450617
2024-06-05,194.7372283935547,195.76127042413225,193.74301165159252,194.269945311189,54156800,AAPL,191.46768842424666,183.32439320882162,8.660470675522964,0.007820892264638557
2024-06-06,193.3552703857422,195.3635924798522,193.04706561878618,194.55827933508485,41181800,AAPL,192.10540553501673,184.1757390340169,8.332402699580344,-0.007096527044226142
2024-06-07,195.75132751464844,195.80104138427978,193.0172315608974,193.5242766218339,53103900,AAPL,193.04280744280135,185.07816009521486,8.05764595223849,0.012391992854015044
2024-06-10,192.0031280517578,196.15896182874013,191.03873662001607,195.76126603853862,97010200,AAPL,193.30272129603796,185.8751678466797,7.481571423251913,-0.01914776012239372
2024-06-11,205.95199584960938,205.96194772636147,192.51019617172983,192.53006958414636,172373300,AAPL,195.41898018973214,186.99813537597657,7.885383307684571,0.07264916951817257
2024-06-12,211.8377685546875,218.92652361101457,205.7034379048798,206.17072098738436,198134300,AAPL,198.12324959891183,188.42220865885417,8.386319977911816,0.028578371774440336
2024-06-13,213.00100708007812,215.49648572091758,210.37627540407073,213.4981154669776,97862700,AAPL,200.948246547154,189.919145711263,8.636714459229356,0.005491176258733743
2024-06-14,211.26112365722656,213.92561727783075,210.07800329190465,212.61325905037393,70122700,AAPL,203.30880301339286,191.2346399943034,8.785408783606139,-0.008168428153006113
2024-06-17,215.4169464111328,217.6837594401996,211.4897931914233,212.13602802573277,93728300,AAPL,206.4604710170201,192.34612070719402,9.652758635567176,0.019671497916716074
2024-06-18,213.05068969726562,217.36560169939582,211.76815683093403,216.33160783720555,79943300,AAPL,208.9318084716797,193.43399607340496,10.090805729453946,-0.010984543014322945
2024-06-20,208.4673614501953,213.00100258632773,207.64217489543017,212.6927826496957,86172500,AAPL,211.2838418143136,194.34625854492188,10.174006316464302,-0.0215128533664124
2024-06-21,206.29005432128906,210.66460227969185,205.91224707350656,209.17327704334386,241805100,AAPL,211.33213588169642,195.17469126383463,10.098173081550984,-0.010444355000034045
2024-06-24,206.936279296875,211.46990537136972,205.39524025887107,206.51871007112354,80727000,AAPL,210.63192313058036,195.96409912109374,10.059749185956507,0.0031326036425365356
2024-06-25,207.86090087890625,210.15753911842552,207.40355450398363,207.94042486793816,55549700,AAPL,209.89762224469865,196.8264165242513,9.928619892605935,0.004468146354872804
2024-06-26,212.0167236328125,213.61741321993355,209.42181728774156,210.2768443064002,66213200,AAPL,210.0055650983538,197.7202173868815,10.052303713873755,0.019993287512629854
2024-06-27,212.86181640625,214.49233130131694,211.1219370597224,213.4484006592916,49772700,AAPL,209.64054652622767,198.6040771484375,10.18260007108477,0.003985972233497392
2024-06-28,209.40191650390625,214.8204096554565,209.08377504858177,214.52214161134154,82542700,AAPL,209.11929321289062,199.29671427408854,10.186959365311639,-0.016254206417840922
2024-07-01,215.49647521972656,216.25207446959737,210.6944066158183,210.86342163866271,60402900,AAPL,210.12345232282365,200.18852691650392,10.39997096348826,0.02910459855178371
2024-07-02,218.9961395263672,219.10550398155982,213.85604047340246,214.89995598050683,58046200,AAPL,211.93860735212053,201.1960001627604,10.71505595434271,0.016240007188387917
2024-07-03,220.2687225341797,220.2687225341797,217.76329209306175,218.72768354780237,37369800,AAPL,213.84324210030692,202.20711873372395,11.04200727523128,0.00581098374868505
2024-07-05,225.031005859375,225.14037030398515,220.36812707547224,220.36812707547224,60412400,AAPL,216.2961142403739,203.33356577555338,11.594268338847485,0.02162033388311113
2024-07-08,226.50247192382812,226.53229721329785,221.95889400104966,225.7766827586142,59085900,AAPL,218.3655068533761,204.55711619059244,12.044463387130515,0.006538948083326224
2024-07-09,227.35748291015625,228.07332019577044,225.0608446065374,226.6118203351868,48076100,AAPL,220.43631635393416,205.94239095052083,12.201516402363554,0.0037748417448426608
2024-07-10,231.6326141357422,231.73204187894612,227.9241899064988,227.97390377810078,62627700,AAPL,223.61213030133928,207.3674346923828,12.629218161894308,0.01880356507674441
2024-07-11,226.25392150878906,231.04603853364384,224.46432825800636,230.0518217466028,64710600,AAPL,225.14890834263392,208.61285705566405,12.58654877265363,-0.02322079145470024
2024-07-12,229.2067108154297,231.2945719488415,227.3574671508641,227.59608461971035,53046500,AAPL,226.60756138392858,209.94676361083984,12.577588789108313,0.013050776255941754
2024-07-15,233.04440307617188,235.8580383346859,231.7419815445035,235.11237576276483,62631300,AAPL,228.43265860421317,211.37545267740884,12.689074003932655,0.016743367797082076
2024-07-16,233.4619903564453,234.9036016458956,230.9863851256273,233.64094209406048,43234300,AAPL,229.6370849609375,212.78624623616537,12.714264736577185,0.0017918786066573045
2024-07-17,227.5563507080078,230.12143192510834,225.32929956891294,228.12304640695322,57345900,AAPL,229.78763907296317,213.94119517008463,12.41649728998676,-0.025295936351013237
2024-07-18,222.8834991455078,229.10730558155058,220.9845567217071,228.94822726389444,66034600,AAPL,229.14849853515625,214.92977752685547,11.87933668060527,-0.02053492046238703
2024-07-19,223.01275634765625,225.4883615119168,221.9887143107171,223.5198165983548,49151500,AAPL,227.9170902797154,215.8722951253255,11.331046581875013,0.0005799316802006516
2024-07-22,222.66477966308594,226.46267958300487,221.7998008147913,225.69712847330965,48201800,AAPL,227.40435573032923,216.84927876790366,10.559964104097125,-0.001560344306169914
2024-07-23,223.70870971679688,225.6275559695254,221.3921828247117,223.07241159149987,39960300,AAPL,226.61892700195312,217.78119150797525,9.843161147194332,0.004688348356172378
2024-07-24,217.276123046875,223.4999296447353,215.8742889513949,222.70455320631825,61777600,AAPL,224.36631556919642,218.62362467447917,8.558525793770265,-0.028754296951894243
2024-07-25,216.23219299316406,219.57276167257183,213.37878078186108,217.6638522810165,51391200,AAPL,221.90491594587053,218.96629791259767,8.2332977619767,-0.004804623900094729
2024-07-26,216.69949340820312,218.22064384945838,214.76075857434793,217.4352041073067,41601300,AAPL,220.35393633161272,219.12835540771485,8.135412504613846,0.0021611047299225916
2024-07-29,216.9778594970703,218.0317267787177,214.50225443638584,215.7052633263403,36311800,AAPL,219.51027352469308,219.26091715494792,8.06421687117554,0.0012845719410281564
2024-07-30,217.5346221923828,219.05577256608925,214.87011348402856,217.92236610782675,41643800,AAPL,218.7276829310826,219.47003377278645,7.929838290543924,0.00256598851423373
2024-07-31,220.795654296875,222.52559687691686,219.35404306544518,220.1593561933901,50036300,AAPL,218.4606650216239,219.64932403564453,7.895771733531766,0.01499086477189926
2024-08-01,217.09718322753906,223.1817852498598,215.76493634313655,223.07242079394348,62501000,AAPL,217.5161612374442,219.78420715332032,7.813292764043285,-0.01675065155205946
2024-08-02,218.5885009765625,224.29531073215608,216.45094097639597,217.88260039056834,105568600,AAPL,217.70364379882812,220.1215784708659,7.520828331806527,0.006869355589291137
2024-08-05,208.0597381591797,212.26527065556354,194.866477978878,197.9386040162881,119548600,AAPL,216.53615025111608,220.1805679321289,7.414792865260209,-0.04816704799358007
2024-08-06,206.0315399169922,208.77558795019922,199.90717605667754,204.11270880558044,69660500,AAPL,215.0121568952288,220.1504099527995,7.472136681478936,-0.009748153391579306
2024-08-07,208.6065673828125,212.40446750854989,205.19639601521322,205.70344110024527,63516400,AAPL,213.8162580217634,220.17526550292968,7.430973633395976,0.012498219771874597
2024-08-08,212.0763702392578,212.96122253044004,207.6222834948103,211.87752992550045,47161100,AAPL,213.03650774274553,220.17725372314453,7.428723112820015,0.016633238828372532
2024-08-09,214.98944091796875,215.5263113015057,210.7441310403627,210.8733840757052,42201600,AAPL,212.20704868861608,220.24817454020183,7.366369927177702,0.013735951230325671
2024-08-12,216.5222930908203,218.49311650663688,214.60124108809114,215.0690650325273,38028100,AAPL,212.12492152622767,220.4855204264323,7.115281413753892,0.007129895153485499
2024-08-13,220.2449951171875,220.8621181746332,217.9954546002453,217.9954546002453,44155300,AAPL,212.36156354631697,220.64380442301433,7.05301433224085,0.017193158141945775
2024-08-14,220.69287109375,221.99680001644595,218.6822246024247,219.54820460737923,41960600,AAPL,214.16629682268416,220.7003621419271,7.046145849431901,0.002033535319720725
2024-08-15,223.6790008544922,224.3060872818483,221.72807374055304,223.55956160665437,46414000,AAPL,216.68736267089844,220.8140380859375,7.066422003058919,0.013530703307012004
2024-08-16,225.00283813476562,225.77922361016536,222.6139468974481,222.88270038911833,44340200,AAPL,219.0296870640346,220.81309916178387,7.065844215938991,0.00591846921354322
2024-08-19,224.8435821533203,224.94312498661264,222.0067784736323,224.6743714872065,40687800,AAPL,220.85357448032923,220.75780283610027,7.026164353732526,-0.0007077954338955417
2024-08-20,225.460693359375,226.11763957317405,224.4056062095116,224.72413110884563,30299000,AAPL,222.34946768624442,220.6945765177409,6.973061602902207,0.002744624508045135
2024-08-21,225.35121154785156,226.92389412945442,224.00747444255492,225.4706659840429,34765500,AAPL,223.6107417515346,220.48519643147787,6.7231264219325535,-0.000485591567612742
2024-08-22,223.48985290527344,227.28220046938023,222.86276654997636,226.73474533285912,43695300,AAPL,224.0742928641183,220.39306081136067,6.659987418457703,-0.008259812005416589
2024-08-23,225.78916931152344,227.16278137803022,223.29080225181497,224.61464290366072,38677300,AAPL,224.80233546665735,220.27914276123047,6.53203189830401,0.010288236250370453
2024-08-26,226.12759399414062,226.22713682494347,222.85284141893553,225.7095414433551,30602200,AAPL,225.15213448660714,220.0485824584961,6.178420594442131,0.001498852596203415
2024-08-27,226.97366333007812,227.7898720189865,223.84820980142854,224.9530683997657,35934600,AAPL,225.43368094308036,219.83230489095052,5.794312027436179,0.003741557237633808
2024-08-28,225.4407958984375,228.79517959293358,224.63453544627717,226.86416416696267,38052200,AAPL,225.5189971923828,219.76178639729818,5.709316663399328,-0.006753503508516889
2024-08-29,228.7255096435547,231.8410150307569,227.8197366882459,229.03408635152135,51906300,AAPL,225.9853995186942,219.9565200805664,5.915375097726485,0.01457018341346239
2024-08-30,227.9391632080078,229.33267166766268,226.42620031745173,229.123652992766,52990800,AAPL,226.3551068987165,220.12073364257813,6.069514671896474,-0.003437948118565015
2024-09-03,221.738037109375,227.9391727978887,220.1454429272487,227.4912604304481,50190600,AAPL,226.10484749930245,220.0898422241211,6.058468322922636,-0.027205180590111788
2024-09-04,219.82693481445312,220.75261936807303,216.47253576183732,220.63318011937469,43840200,AAPL,225.2530997140067,219.9604497273763,6.019842935303416,-0.008618739120429764
2024-09-05,221.349853515625,224.43548398740054,220.4938367652657,220.60332780966414,36615400,AAPL,224.57056535993303,220.0962407430013,6.0031268207877195,0.006927807561240451
2024-09-06,219.79705810546875,224.1965806221913,218.75191919539128,222.91254804497814,48423000,AAPL,223.5453360421317,220.21506958007814,5.959123557489356,-0.00701511830929058
2024-09-09,219.8866424560547,220.24497537072617,215.7061019102892,219.79706302441255,67180000,AAPL,222.75188555036272,220.32130788167316,5.922585190674407,0.0004075775688632266
2024-09-10,219.09034729003906,220.45399594379384,215.72600018375593,217.905857501112,51591000,AAPL,221.37543378557478,220.3917241414388,5.893951628785838,-0.0036213894446761596
2024-09-11,221.62855529785156,222.0565560791085,216.88064755383493,220.43411720557373,44587100,AAPL,220.47391836983817,220.52818857828777,5.872875556488458,0.011585211485617641
2024-09-12,221.738037109375,222.51442259643306,218.8017058249269,221.46928361366915,37455600,AAPL,220.47391836983817,220.55960133870443,5.876874446301143,0.0004939878409453424
2024-09-13,221.46926879882812,223.00212806640087,220.8820056188433,222.54426752163744,36766600,AAPL,220.70853751046317,220.70533752441406,5.84215928759328,-0.0012120983573706834
2024-09-16,215.31790161132812,216.213726272445,212.92901053484562,215.53686848493908,59357400,AAPL,219.8468300955636,220.59631754557293,5.913108865436045,-0.027775263000879846
2024-09-17,215.7857208251953,215.8952118613641,213.50633585708556,214.75054527350213,45519300,AAPL,219.2737819126674,220.85385030110677,5.502247696420059,0.0021726907533756723
2024-09-18,219.66766357421875,221.67831024616868,216.5322467283196,216.54221012404864,59894900,AAPL,219.24249921526228,221.30838775634766,4.7469597767905185,0.01798980365419145
2024-09-19,227.8097686767578,228.75538000957175,223.58941994126667,223.94775287051627,66781300,AAPL,220.4881308419364,221.94849446614583,4.243107195994905,0.03706556062944655
2024-09-20,227.1428680419922,232.01021467188832,226.56555305015522,228.90467282845125,318679900,AAPL,221.27588980538505,222.45071105957032,3.9131556915254615,-0.002927445291917685
2024-09-23,225.4208984375,228.3870895913876,224.76395218553373,226.28686337720748,54146000,AAPL,221.80201285226005,222.79842631022134,3.6840528684355833,-0.007580997895006991
2024-09-24,226.3166961669922,228.28753468756818,224.6842941282367,227.59076531001585,43556100,AAPL,222.4945024762835,223.12490641276042,3.539851046263261,0.00397388944725785
2024-09-25,225.3213348388672,226.23707111110926,222.9822303399746,223.88800321688734,42308700,AAPL,223.92356436593192,223.29411773681642,3.5187049540556665,-0.004398090573885738
2024-09-26,226.4660186767578,227.44147457763864,224.36579263659118,226.24703661091274,36636700,AAPL,225.44932120186942,223.48655598958334,3.5293877025776257,0.005080228371224571
2024-09-27,226.73475646972656,228.45675318264773,226.24703611440785,227.40166606122023,34026000,AAPL,226.45890590122767,223.58841451009116,3.5788808965799923,0.001186658354039194
2024-09-30,231.92062377929688,231.92062377929688,228.58613663255096,228.97432934379907,54541900,AAPL,227.0461709158761,223.81900736490886,3.8830897352151443,0.02287195571739664
2024-10-01,225.162109375,228.58616112900037,222.70355021092283,228.45677367012016,63285000,AAPL,226.7632053920201,223.82962493896486,3.8864218912479207,-0.029141498044298553
2024-10-02,225.72946166992188,226.31672490502262,221.98688498556473,224.84358511910924,32880600,AAPL,226.80728585379464,223.83858388264974,3.8906189823925175,0.002519750310106428
2024-10-03,224.6245880126953,225.75930638603796,222.28548343692833,224.09704443839323,34044200,AAPL,226.5655561174665,223.81436309814453,3.883132074646435,-0.0048946807787199065
2024-10-04,225.7493438720703,226.94378179124593,223.0917145657714,226.84423896960539,37245100,AAPL,226.62670026506697,223.88967946370443,3.8985027791308635,0.00500726954838715
2024-10-07,220.6630401611328,224.64451046166124,220.3047072265611,223.4600206171574,39505400,AAPL,225.7977033342634,223.71880849202475,3.9246288051399363,-0.022530757448490535
2024-10-08,224.72413635253906,224.93315503301397,222.2158058701156,223.26094483680066,31855700,AAPL,225.5104718889509,223.67202657063802,3.903232111418968,0.018404061633705115
2024-10-09,228.47666931152344,228.68570318762718,223.78849648056692,224.1866374402548,33591100,AAPL,225.0184783935547,223.72212677001954,3.9563562661205465,0.016698397510348073
2024-10-10,227.97897338867188,228.43684913724616,226.11764095959848,226.72481576308653,28183500,AAPL,225.42088753836495,223.80673268636068,4.020988328324036,-0.0021783227335696598
2024-10-11,226.4958953857422,228.34727968813561,226.28686151162026,228.23778864704394,31759200,AAPL,225.53037806919642,223.73241221110027,3.9468607789188064,-0.00650532801725201
2024-10-14,230.228515625,230.65651637799863,227.54102629778745,227.64055393917852,39882100,AAPL,226.33093915666853,223.80872395833333,4.051740755603713,0.01647985820184883
2024-10-15,232.76669311523438,236.38983016358188,231.29353829774286,232.527799450427,64751400,AAPL,227.33341761997767,224.1763458251953,4.3469552707362755,0.011024600855128686
2024-10-16,230.706298828125,231.04472016362837,228.77528327315235,230.52713995218934,34082200,AAPL,228.76816885811942,224.53899129231772,4.42470393197357,-0.00885175735211119
2024-10-17,231.07456970214844,232.76670668063704,229.4521309302649,232.348638945834,32993800,AAPL,229.67537362234933,224.86314849853517,4.537783866850024,0.0015962757666092564
2024-10-18,233.91136169433594,235.0858880500012,232.92594240501305,235.0858880500012,46431500,AAPL,230.4517582484654,225.33362528483073,4.722351212375631,0.012276521799192697
2024-10-21,235.38450622558594,235.75280253487685,233.36391138062547,233.36391138062547,36254500,AAPL,231.5096915108817,225.8502207438151,4.948221163898373,0.00629787506078916
2024-10-22,234.76739501953125,235.12572795126604,231.52250221800776,232.80651969699693,38846600,AAPL,232.6913343157087,226.37278900146484,5.036726045119743,-0.002621715489902532
2024-10-23,229.6909942626953,234.05070868615385,226.70489182210235,232.99562158724072,52287000,AAPL,232.61454554966517,226.64153696695965,4.989733034826994,-0.02162310808284773
2024-10-24,229.5019073486328,229.75074924052936,227.35190975750177,228.9146289407981,31109500,AAPL,232.1481475830078,226.90033264160155,4.927592224638062,-0.0008232230204299196
2024-10-25,230.3380126953125,232.13962556438537,228.5065400142299,228.6757506783198,38802300,AAPL,232.0955352783203,227.19595743815105,4.856041945490195,0.0036431302743360483
2024-10-28,232.31878662109375,233.6426273223557,231.4727332926884,232.23917058038825,36087100,AAPL,232.27328055245536,227.76265360514324,4.391896888732259,0.008599422659782086
2024-10-29,232.58753967285156,233.24448591818899,231.24380255804743,232.02018805231754,35417200,AAPL,232.08416312081474,228.32271423339844,3.8497494754484634,0.0011568287509875486
2024-10-30,229.03407287597656,232.38845656475567,228.48661770128336,231.5324398883544,47070900,AAPL,231.17695835658483,228.63492787679036,3.4862704512552023,-0.015277975775801034
2024-10-31,224.8634796142578,228.76531846185907,224.32597264925337,228.27758291037028,64370100,AAPL,229.7621132986886,228.5367182413737,3.55121129619497,-0.018209488262373785
2024-11-01,221.87738037109375,224.30607958110733,219.2496106921502,219.9463649274566,65276700,AAPL,228.64588274274553,228.36120198567707,3.7471908202070474,-0.013279609691562944
2024-11-04,220.98153686523438,221.75792231303782,218.69220372782075,219.96627293386246,44944500,AAPL,227.4286869594029,228.21322326660157,3.949504000040551,-0.004037561216745256
2024-11-05,222.4148712158203,222.91255498009295,220.11557465497725,220.7725208689619,28111300,AAPL,226.29680960518974,228.08316243489583,4.076321323375125,0.006486217676457073
2024-11-06,221.68824768066406,225.02273483375984,220.16533664224426,221.57875664968802,54561100,AAPL,224.77816118512834,227.9620595296224,4.212881461473617,-0.0032669737018221623
2024-11-07,226.42620849609375,226.82436463330757,223.52970043689453,223.5894200604507,42137700,AAPL,223.8979710170201,227.96073252360026,4.213375186400206,0.021372178566067213
2024-11-08,226.15716552734375,227.8511489598711,225.60910803907555,226.366414165256,38328800,AAPL,223.4869842529297,227.9414794921875,4.2204841184500035,-0.0011882147854568315
2024-11-11,223.4368133544922,224.90161465065876,220.7164746065314,224.20409384410638,42005600,AAPL,223.2831747872489,227.65868581136067,4.228888169710343,-0.012028591561573432
2024-11-12,223.4368133544922,224.79200315214243,222.5698957238352,223.75568869738083,40398300,AAPL,223.50595092773438,227.6011759440104,4.275485255781562,0.0
2024-11-13,224.3236541748047,225.84824072641777,221.97200184604,223.2175800878685,48566200,AAPL,223.98339625767298,227.55431569417317,4.3043138310669224,0.003969089994608321
2024-11-14,227.41270446777344,228.06039910056816,224.20409355692922,224.22402706703753,44923900,AAPL,224.69737243652344,227.64725290934246,4.268828632056232,0.01377050629962362
2024-11-15,224.20408630371094,226.1172926822584,223.47667285882866,225.59912786989784,47923700,AAPL,225.05677795410156,227.59574432373046,4.301714903964236,-0.014109230051908561
2024-11-18,227.21339416503906,228.92731096181708,224.37346982490487,224.4531886532215,44633700,AAPL,225.16923304966517,227.814089457194,4.0991645450446885,0.013422181151737211
2024-11-19,227.4724884033203,229.34584301691135,225.8582238051146,226.17708394083317,36211800,AAPL,225.35713631766183,227.90570119222005,4.058233218619082,0.0011403123448481267
2024-11-20,228.18994140625,229.11664435033194,225.0909420304879,227.25326410482543,35169600,AAPL,226.0361546107701,227.8961435953776,4.057179657062141,0.003154020989376116
2024-11-21,227.71163940429688,229.34583747298603,224.9115819089953,228.07036655131708,42108300,AAPL,226.64684404645647,227.8872324625651,4.057285040490774,-0.0020960696120325695
2024-11-22,229.05685424804688,229.9038535446,227.2532593649619,227.2532593649619,38168300,AAPL,227.32301548549108,227.97259775797525,4.0539417784288485,0.005907536598783958
2024-11-25,232.04624938964844,232.42491005721112,228.92733167542056,230.64124862727573,90152800,AAPL,227.98495047433036,228.03318888346354,4.102119754815876,0.01305088708833968
2024-11-26,234.22850036621094,234.73670603206307,232.50462429580293,232.50462429580293,45986200,AAPL,229.41700962611608,228.08191579182943,4.168431445299845,0.009404379438592514
2024-11-27,234.0989532470703,234.85627456038557,232.98291999142185,233.6405889619916,33498400,AAPL,230.4006609235491,228.19500427246095,4.286436040677708,-0.0005530800860615859
2024-11-29,236.49046325683594,236.96876103246996,233.1423484177734,233.979373326336,28481400,AAPL,231.6889430454799,228.3755340576172,4.519602883804574,0.010215808215261912
2024-12-02,238.7424774169922,239.93822952974793,236.32108052902282,236.4306920263062,48137100,AAPL,233.19644818987166,228.53657124837238,4.800961233783208,0.00952264260106972
2024-12-03,241.79165649414062,241.90126799408412,238.05492154808562,238.96170621081686,38861000,AAPL,235.20787920270647,228.7501429239909,5.238657105766153,0.012771833107112718
2024-12-04,242.150390625,243.2465056559754,240.3966217802532,242.01088645785893,44383900,AAPL,237.07838439941406,228.99624277750652,5.685446276154515,0.0014836497506194313
2024-12-05,242.18026733398438,243.6749612569442,241.27349790971317,243.12691898237586,40033900,AAPL,238.5261012486049,229.4125518798828,6.174310256689969,0.00012338080028384546
2024-12-06,241.98097229003906,243.7646488451358,241.2236661935451,242.0507319698173,36870600,AAPL,239.63359723772322,229.82852071126302,6.587101849189795,-0.0008229202409396619
2024-12-09,245.8771514892578,246.36542364679892,240.89483838917155,240.97455722335047,44649200,AAPL,241.31619698660714,230.34649200439452,7.210044603448374,0.01610118003224148
2024-12-10,246.8935546875,247.33200068563022,244.47214254503118,246.0166626912396,36914800,AAPL,242.80235290527344,230.8323176066081,7.8133221647131075,0.004133784664764217
2024-12-11,245.6180877685547,249.91283942191654,245.38889040813984,247.08288910248365,45205800,AAPL,243.78458295549666,231.26666920979818,8.263485216054502,-0.005166060007357087
2024-12-12,247.0828857421875,247.8601253939288,244.81093690846672,246.01666340683192,32777500,AAPL,244.54047284807478,231.86829630533853,8.738697160272283,0.00596372191861172
2024-12-13,247.2522735595703,248.40815863747187,245.36895982515324,246.9433725816478,33155300,AAPL,245.2693132672991,232.61458943684895,9.06959815451765,0.0006855505870995149
2024-12-16,250.1519775390625,250.490786396497,246.7739697560149,247.1127786134494,51694800,AAPL,246.4081290108817,233.55707600911458,9.379167312145556,0.011727714118647148
2024-12-17,252.58334350585938,252.93211150871377,248.89643481128522,249.1953766416157,51356400,AAPL,247.9227534702846,234.61046956380207,9.687639005052256,0.009719555250836232
2024-12-18,247.1725616455078,253.38051965426092,246.86366065893745,251.26802371656945,56774100,AAPL,248.1078120640346,235.43572591145832,9.667403874481115,-0.021421768297346322
2024-12-19,248.90640258789062,251.1085917693189,246.21595643132494,246.6245097734382,60882300,AAPL,248.3953617640904,236.3429977416992,9.609754275257389,0.007014698277349574
2024-12-20,253.5897979736328,254.09798847685343,244.82092317346877,247.16260139536695,147495300,AAPL,249.53417750767298,237.24845072428386,9.917918294999579,0.018815889575554134
2024-12-23,254.36703491210938,254.74568039470608,252.55346551957817,253.8688035675433,40858800,AAPL,250.57477024623327,238.18877970377605,10.164323603982778,0.0030649377249687415
2024-12-24,257.28668212890625,257.2966260773909,254.386956808638,254.58626151312842,23234700,AAPL,252.00825718470983,239.31710866292318,10.34742402415786,0.011478088022709665
2024-12-26,258.1037292480469,259.1799258751944,256.7186620602343,257.27667867815336,27237100,AAPL,253.14422171456474,240.47267252604166,10.448065045755705,0.003175629272296643
2024-12-27,254.68588256835938,257.78489719249416,252.16483330495137,256.917949151404,42355300,AAPL,253.444584437779,241.48474680582683,10.299306217635781,-0.013242143728976585
2024-12-30,251.307861328125,252.60326573181473,249.86299361835324,251.33775398934142,35557500,AAPL,254.03534153529577,242.2812520345052,10.095465240682728,-0.013263480512421766
2024-12-31,249.53416442871094,252.38404809530297,248.54766097322468,251.54702315387914,39480700,AAPL,254.1250217982701,243.1255879720052,9.577394103192207,-0.007057864764119737
2025-01-02,242.9874267578125,248.21885574509324,240.96460876578237,248.0494437119358,55740700,AAPL,252.6103973388672,243.651389058431,9.094513370090755,-0.026235837028114717
2025-01-03,242.49916076660156,243.31625226562878,241.03435939639962,242.49916076660156,40244100,AAPL,250.91498674665178,244.15227813720702,8.571482665120682,-0.002009429038061228
2025-01-06,244.1333465576172,246.45510633108967,242.33971076643533,243.4457849039297,45045600,AAPL,249.0359388078962,244.68372497558593,8.024467389151296,0.006738933800222391
2025-01-07,241.3532257080078,244.681407317594,240.496267218822,242.12049100282684,40856000,AAPL,246.64300973074776,245.13844451904296,7.391065599863668,-0.011387714496238432
2025-01-08,241.8414764404297,242.84791342439922,239.20085656180404,241.06423680804883,37628900,AAPL,244.80809456961495,245.5645985921224,6.7747296787661435,0.002022971646596483
2025-01-10,236.01219177246094,239.3104808095479,232.17580437363205,239.16100228470233,61710900,AAPL,242.6229989188058,245.6967966715495,6.536344874707804,-0.024103742475309553
2025-01-13,233.5708465576172,233.8398957390806,228.90740850459227,232.7039288898965,49630700,AAPL,240.342524937221,245.67487487792968,6.577109611424065,-0.010344148734474867
2025-01-14,232.45480346679688,235.28475371553364,231.6476711610837,233.91960476413306,39435300,AAPL,238.8378644670759,245.6200698852539,6.682893687914109,-0.00477817804434344
2025-01-15,237.02854919433594,238.11470496290485,233.60071548412043,233.80997931617492,39832000,AAPL,238.0563485281808,245.63800608317058,6.6582223801745295,0.01967584949558754
2025-01-16,227.4525604248047,237.1680713225123,227.22337827123218,236.51041752509497,71759100,AAPL,235.67337908063615,245.2616755167643,7.345041043529353,-0.040400149273495556
2025-01-17,229.16647338867188,231.4682996512766,227.67177943063626,231.2989028272768,68488300,AAPL,233.93241446358817,244.84083607991536,7.892031193860942,0.007535254651194867
2025-01-21,221.85243225097656,223.62613445935494,218.6039696546368,223.20762199269615,98070400,AAPL,231.07683672223772,244.16423746744792,8.932187394698001,-0.03191584279123816
2025-01-22,223.03823852539062,223.3272060060417,219.01252087308487,219.01252087308487,64126500,AAPL,229.2234148297991,243.5261698404948,9.727126950952439,0.005345022645830477
2025-01-23,222.8688507080078,226.2269251350915,221.51366083038826,223.94503224654224,60234800,AAPL,227.6945582798549,242.88909912109375,10.432136006531476,-0.00075945639860997
2025-01-24,221.991943359375,224.831867935065,220.6267944226493,223.9848686181573,54697900,AAPL,226.19986397879464,242.09292551676432,11.08711628474466,-0.0039346339600490055
2025-01-27,229.04690551757812,231.32879829775732,223.18770026542342,223.2275672861503,94863400,AAPL,225.05962916782923,241.49803721110027,11.297445717307573,0.0317802621637584
2025-01-28,237.4171905517578,239.3403714135585,229.99354669273774,230.03341371427896,75707600,AAPL,226.48314775739397,241.22467397054035,11.293533061542158,0.03654397781653196
2025-01-29,238.51329040527344,239.01152170916106,233.18220937175082,233.29182086679862,45486100,AAPL,227.8184073311942,240.93902079264322,11.248536770570587,0.004616767012398215
2025-01-30,236.74954223632812,239.93821947161274,236.37089679279623,237.825723654139,55658300,AAPL,229.94656590053015,240.58892974853515,11.208641159740823,-0.007394758446996441
2025-01-31,235.16519165039062,246.31561143302469,232.61424963135997,246.31561143302469,100959800,AAPL,231.67898777553015,240.08937021891276,11.10118621029163,-0.006692095667732989
2025-02-03,227.20343017578125,231.00992457632861,224.90160402054906,229.17643705581955,73063300,AAPL,232.2982134137835,239.24337310791014,11.083274867607091,-0.03385603719127683
2025-02-04,231.97650146484375,232.3053359547129,225.84824721606736,226.44613087124998,45067300,AAPL,233.72457885742188,238.7368377685547,11.055609471882477,0.021007919138235298
2025-02-05,231.64768981933594,231.84697932244578,227.46254943477126,227.72162426833262,39620300,AAPL,234.0961194719587,238.1615473429362,10.95677356370924,-0.0014174351429195875
2025-02-06,232.39501953125,232.9729696905443,229.61488023403817,230.47183871784506,29925300,AAPL,233.378666469029,237.4550547281901,10.6053397284253,0.0032261479166786344
2025-02-07,226.8247833251953,233.1722451327125,226.4560818290891,231.77720359418535,39707200,AAPL,231.70887974330358,236.53697967529297,10.277906391837154,-0.02396882780573384
2025-02-10,227.0941162109375,230.02693972945139,226.64521806905947,229.0094413336025,33115600,AAPL,230.32953316824776,235.5305608113607,9.63409281161984,0.0011874050171847284
2025-02-11,232.052001953125,234.6556296697615,227.57297502290857,227.64279618723114,53718400,AAPL,229.8847917829241,234.66216990152995,8.65345444292016,0.021831854672898388
2025-02-12,236.29161071777344,236.38140252594314,230.11672290007743,230.63545743654387,45243300,AAPL,231.18310328892298,234.0490275065104,7.7948118036778835,0.018270080537830635
2025-02-13,240.94024658203125,241.74826634141837,234.99480784534867,236.33153226758247,53614100,AAPL,232.46363830566406,233.70344034830728,7.211227552335197,0.01967330050413918
2025-02-14,244.00274658203125,244.9504238462646,240.40156080072015,240.66092045804314,40896200,AAPL,234.22864641462053,233.51905975341796,6.854387669545715,0.01271062034444026
2025-02-18,243.87306213378906,244.58131995427482,241.2494791133952,243.55383619329416,48822500,AAPL,235.86836678641183,233.5485809326172,6.89833944528875,-0.0005314876576546501
2025-02-19,244.27207946777344,245.40929524371262,242.56626341463,244.06260076305156,32204200,AAPL,238.36083766392298,233.60767822265626,6.984715561430633,0.001636168138018812
2025-02-20,245.229736328125,246.1774135823035,243.69348816231408,244.34191013103748,32316900,AAPL,240.95164053780692,233.64422454833985,7.044302575401186,0.003920451581851392
2025-02-21,244.95042419433594,248.08275639920348,244.6212281548445,245.34944139409683,53197400,AAPL,242.79427228655135,233.76413116455078,7.208744421970269,-0.0011389815035128814
2025-02-24,246.49664306640625,248.25234005966587,243.82317911276243,244.3319283268952,51326400,AAPL,244.25213405064173,233.91930338541667,7.435156210075752,0.006312374747486027
2025-02-25,246.43678283691406,249.38956194785018,244.3119941197594,247.3944454522674,48013300,AAPL,245.037353515625,234.26678975423178,7.772297390137219,-0.00024284399473972762
2025-02-26,239.77308654785156,244.3818005030484,238.5460942392985,243.7333937698084,44433600,AAPL,244.43311636788505,234.4735310872396,7.835380198914235,-0.027040185366615344
2025-02-27,236.72056579589844,241.86796980219768,236.48114634623442,238.82541422357912,41153600,AAPL,243.4113311767578,234.6157231648763,7.836188484893798,-0.012730873159711109
2025-02-28,241.24948120117188,241.49887076126774,229.63790389196947,236.37142201455794,56833400,AAPL,242.97953142438615,234.7564208984375,7.91846552058799,0.019131905122169668
2025-03-03,237.4487762451172,243.43412542285543,235.53346633482454,241.19958958341564,47184000,AAPL,241.8679656982422,235.08962809244792,7.8101003973673615,-0.015754251313333967
2025-03-04,235.35391235351562,239.4838181516717,234.10696453181083,237.1295800554318,53798100,AAPL,240.49703543526786,235.2958760579427,7.729572223786987,-0.0088223823459046
2025-03-05,235.1643829345703,235.97240266650644,228.67026910680244,234.84515699420854,47227600,AAPL,238.87814113071985,235.73960774739584,7.3014559030070405,-0.0008052953828132647
2025-03-06,234.75538635253906,237.27920752401755,232.59068676229822,233.86756011302523,45170400,AAPL,237.20937020438058,236.13017934163412,6.901009464730644,-0.0017391944176556873
2025-03-07,238.4862518310547,240.78062356819368,234.1867631010968,234.53591456798168,46273600,AAPL,237.0255366734096,236.650759379069,6.439779795233571,0.01589256603004152
2025-03-10,226.92454528808594,235.583358769024,223.6725108894593,234.96486230654432,72071200,AAPL,235.62610517229353,236.81517944335937,6.106975901659432,-0.04847955156408401
2025-03-11,220.30076599121094,225.2885573705892,216.91904404485373,223.26351528828414,76137400,AAPL,232.63343157087053,236.52364145914714,6.673130437486078,-0.02918934700724396
2025-03-12,216.45018005371094,221.20853706339403,214.38524243690583,219.60246770742089,62547500,AAPL,229.63363211495536,235.82474110921223,7.608708706149091,-0.01747876781169988
2025-03-13,209.1680145263672,216.31053552178076,207.9110965632093,215.4227092543014,61368300,AAPL,225.89278956821985,234.84656524658203,9.00867193573267,-0.03364361039356367
2025-03-14,212.96871948242188,213.42758776028128,209.06826301296118,210.7341834889886,60107600,AAPL,222.72198050362724,234.05387115478516,9.84307357990947,0.018170583894774106
2025-03-17,213.4774627685547,214.69448503570536,209.4573042902151,212.78914514941675,48073400,AAPL,219.6822771344866,233.33094685872396,10.531024428970698,0.002388816946306438
2025-03-18,212.170654296875,214.62463892519543,210.97358751075308,213.63706605687162,42432400,AAPL,215.92290605817522,232.8298543294271,11.170852619420387,-0.006121528964846634
2025-03-19,214.7144317626953,218.22582565599035,213.22806456968678,213.6969181399133,54385400,AAPL,214.17860412597656,232.25445200602215,11.65060038077939,0.011989299247109786
2025-03-20,213.5772247314453,216.9589465476154,211.70181037410745,213.46749271646212,48862900,AAPL,213.21809823172433,231.6521031697591,12.139908711871259,-0.005296369796450651
2025-03-21,217.73703002929688,218.30563028145062,210.764092813104,211.04340788811464,94127800,AAPL,213.40193394252233,231.16350351969402,12.401139505049647,0.0194768206351692
2025-03-24,220.19102478027344,220.93919345594836,218.04628066528426,220.460369765545,44299500,AAPL,214.97664969308036,230.94237823486327,12.539542249111788,0.011270452024841005
2025-03-25,223.2036590576172,223.55281053469957,219.54262209652958,220.23093972638688,34493600,AAPL,216.43878391810827,230.8126963297526,12.600680888423582,0.013681912241200633
2025-03-26,220.9890594482422,224.47054292972726,219.93165022699972,222.96422035625233,34466100,AAPL,217.5118691580636,230.44393157958984,12.724434743393331,-0.009921878605060552
2025-03-27,223.30340576171875,224.4406214835582,220.0214308095873,220.84940592957574,37094800,AAPL,219.10226222446985,230.01099141438803,12.739559063284569,0.010472673711788838
2025-03-28,217.36793518066406,223.26350805320467,217.1484711493609,221.12873402087155,39818600,AAPL,219.48133414132255,229.22524770100912,12.769131752403272,-0.02658029581236332
2025-03-31,221.58761596679688,225.06908447075043,215.7020132379398,216.48010744476517,65299300,AAPL,220.62567574637276,228.4780766805013,12.52815044679587,0.019412618437147255
2025-04-01,222.64501953125,223.13381331282267,218.36548628233527,219.27326790744206,36412700,AAPL,221.32681710379464,227.77047526041667,12.224452657399858,0.004771943413171442
2025-04-02,223.3433074951172,224.6401362151353,220.4803202973195,220.77959080525144,35905900,AAPL,221.77714320591517,227.0728495279948,11.8414474644507,0.0031363286964034565
2025-04-03,202.69386291503906,206.9833664271943,200.75859747782033,205.03811566571247,103419000,AAPL,218.847172328404,225.6549870808919,12.135341513717085,-0.09245607048480542
2025-04-04,187.92002868652344,199.39194860307396,186.88255957870848,193.4165691841804,125910900,AAPL,214.1230250767299,223.75397389729818,13.40860062883177,-0.07288742745362853
2025-04-07,181.0169219970703,193.6759230716255,174.19361217758157,176.76731422169505,160466300,AAPL,208.08209882463728,221.57131652832032,14.832668235279684,-0.0367342786061855
2025-04-08,171.99899291992188,189.87523506652792,168.79683943762106,186.244123618335,120859500,AAPL,201.60082135881697,219.09005686442057,16.645034187470138,-0.049818154997102404
2025-04-09,198.3644561767578,200.1201531468693,171.47028013366514,171.53013119082922,184395900,AAPL,198.2832271030971,217.70976918538412,16.58755735861111,0.15328847459654016
2025-04-10,189.95504760742188,194.30440235729913,182.55316692796467,188.6083530498886,121880000,AAPL,193.6132311139788,216.15091857910156,16.933214087188095,-0.042393726837042345
2025-04-11,197.66615295410156,199.05275825525484,185.60567786476867,185.64558871717136,87435900,AAPL,189.94506617954798,214.6981409708659,16.571381928411558,0.04059436926686022
2025-04-14,202.02549743652344,212.42005238891582,200.66881763194172,210.9237150406947,101352900,AAPL,189.8495853969029,213.51736501057943,16.151105229840496,0.02205407661995684
2025-04-15,201.64642333984375,203.01307326666696,199.31214069618733,201.36710824854455,51343900,AAPL,191.8104989188058,212.39378204345704,15.7470293859591,-0.001876367594633943
2025-04-16,193.79563903808594,200.2099310657198,191.9002692932641,197.8756484915953,59732400,AAPL,193.63602992466517,211.01482391357422,15.493540358721113,-0.038933417075920684
2025-04-17,196.4990234375,198.34451232255947,193.9452767059697,196.71848747425943,52164700,AAPL,197.1360342843192,209.73961181640624,15.039893128669462,0.013949665806890499
2025-04-21,192.68833923339844,193.32677585155812,189.3465132845993,192.79807124065385,46742500,AAPL,196.32516043526786,208.2130147298177,14.32891313701677,-0.019392891310289984
2025-04-22,199.25228881835938,201.097762433896,195.49148998245192,195.64111763020085,52976400,AAPL,197.65333775111608,207.2906061808268,13.969008685543251,0.034065110587777614
2025-04-23,204.10043334960938,207.4921254657249,202.30482537338813,205.49700887470834,52929200,AAPL,198.57252066476005,206.75059509277344,13.760297073767102,0.02433168803229968
2025-04-24,207.8612060546875,208.32008954356945,202.44447210591895,204.38970763388747,47311000,AAPL,199.40619332449776,206.46429595947265,13.640355925776092,0.018426088780694405
2025-04-25,208.76898193359375,209.2378355121778,205.69650080604464,205.86608387594285,38222300,AAPL,200.4237016950335,206.45099487304688,13.637822861258812,0.004367221263343435
2025-04-28,209.62689208984375,210.98357193193158,206.95344326011445,209.48723454234343,38743100,AAPL,202.68530927385603,206.3396006266276,13.596335064199033,0.004109375580146679
2025-04-29,210.69427490234375,211.72175863443914,207.86119803545407,208.18042396697467,36827600,AAPL,204.71320234026228,206.2468276977539,13.555384978775482,0.005091821959763321
2025-04-30,211.9811248779297,213.0584895980106,206.16535854293033,208.78894157113288,52286500,AAPL,207.4693145751953,206.24051005045573,13.552572781522722,0.006107664653832723
2025-05-01,212.79913330078125,214.0360957896086,208.3899124386699,208.56948083895412,57365700,AAPL,209.40457807268416,206.17666676839193,13.515738656853106,0.0038588738658813515
2025-05-02,204.8485870361328,206.48458191182934,201.66637387157866,205.58677037884885,101010600,AAPL,209.51145717075892,205.88571217854818,13.44469700891003,-0.037361741757710676
2025-05-05,198.40435791015625,203.60164304236298,197.72602561272546,202.6040848015313,69018500,AAPL,208.16047886439733,205.2412897745768,13.319799848382225,-0.03145849927117084
2025-05-06,198.0252685546875,200.16004244803628,196.53891661034845,197.72601327833053,51216500,AAPL,206.62566266741072,204.50243123372397,13.074447307144347,-0.0019106906696092496
2025-05-07,195.7707977294922,198.95301083885846,192.77812311451905,198.6836658614824,68536700,AAPL,204.64622061593192,203.58800252278647,12.674593246198686,-0.011384763377168206
2025-05-08,197.00778198242188,199.56152863729463,194.20463054641704,197.2372161152265,50478900,AAPL,202.69100734165735,202.78862660725912,12.289674063953454,0.006318533035958307
2025-05-09,198.0452423095703,200.0503289543839,197.05765414160055,198.51409591462888,36453900,AAPL,200.7001669747489,201.94668782552083,11.686160799647835,0.0052660880535218
2025-05-12,210.55104064941406,211.03050749278242,206.5156271207593,210.7308445260501,63775800,AAPL,200.37901088169642,201.7194580078125,11.439639626361213,0.06314616899655467
2025-05-13,212.68861389160156,213.1580823159532,208.76307628033234,210.19144790738707,51909300,AAPL,201.49901471819197,201.42282460530598,11.014151128723741,0.010152280585241868
2025-05-14,212.08929443359375,213.69746987061376,210.34127831689767,212.18917192393894,49325800,AAPL,203.4540056501116,201.0709671020508,10.467868961978978,-0.0028178257737542234
2025-05-15,211.21029663085938,212.71859464512332,209.30245815432872,210.71086343228015,45029500,AAPL,205.33758108956474,200.66653340657552,9.790132251999875,-0.004144470399044975
2025-05-16,211.0205078125,212.32903558469047,209.53220664773164,212.11926693678467,54737900,AAPL,207.51611110142298,200.9440882364909,9.966041680233122,-0.0008985774907133148
2025-05-19,208.54331970214844,209.24252311349682,204.02843943795537,207.67431083672193,46140500,AAPL,209.16404506138392,201.63153127034505,9.745525003737804,-0.01173908704907789
2025-05-20,206.62550354003906,208.2336790492342,204.79757620413463,207.4345828831543,42496600,AAPL,210.3897966657366,202.4851506551107,8.968143105911539,-0.00919624836148425
2025-05-21,201.86090087890625,206.80528635778637,200.4824756537251,204.93741112479617,59211800,AAPL,209.14834812709265,203.4805475870768,6.882410251023515,-0.023059121838798324
2025-05-22,201.13172912597656,202.52015274475195,199.4736073247078,200.48247209416806,46742400,AAPL,207.4973645891462,203.57279001871746,6.8298201417653095,-0.0036122485818445016
2025-05-23,195.04864501953125,197.4758830409797,193.24069928507132,193.45045269257122,78432900,AAPL,205.06298610142298,203.7425765991211,6.5366346054695255,-0.03024427887573744
2025-05-27,199.98304748535156,200.51244545494848,197.20618488735448,198.07520901450675,56288500,AAPL,203.45909336635046,203.81980641682944,6.475770140588691,0.025298317070217013
2025-05-28,200.1927947998047,202.50017366149785,199.67338002302156,200.36260025266836,45339700,AAPL,201.9122772216797,203.7587163289388,6.501872613773857,0.0010488254734115632
2025-05-29,199.72332763671875,203.57895243464628,198.28495762525483,203.3492174371598,51396800,AAPL,200.65227835518974,203.69461313883463,6.532822647963507,-0.00234507522388816
2025-05-30,200.622314453125,201.73105672211125,196.55692105301176,199.14398126681596,70819900,AAPL,199.79467991420202,203.92216898600262,6.2905272565652375,0.004501160816033689
2025-06-02,201.47134399414062,201.9008644592711,199.89313329888972,200.05295557621693,35423300,AAPL,199.73902893066406,204.0879130045573,6.152180949756897,0.00423197959474253
2025-06-03,203.03956604003906,203.5389992121068,200.7321872237246,201.1217444882778,46381600,AAPL,200.01157706124442,204.43295389811198,5.769144248276324,0.007783846649397574
2025-06-04,202.590087890625,206.00620910456834,201.8709028727957,202.67998220748078,43604000,AAPL,201.08892604282923,204.5442138671875,5.697528915048497,-0.002213746602105271
2025-06-05,200.40257263183594,204.5178973620389,199.92310578136215,203.26931435006063,55126100,AAPL,201.14885820661272,204.42095184326172,5.747244261907735,-0.010797740805414291
2025-06-06,203.68882751464844,205.4668084267123,201.82095228760733,202.76987228695742,46607700,AAPL,201.6482914515904,204.28187255859376,5.7114949040947565,0.01639826694665114
2025-06-09,201.2216339111328,205.76647909477697,199.79326227022588,204.15830357568726,72862600,AAPL,201.86233520507812,204.0302942911784,5.673125418608631,-0.012112562253018933
2025-06-10,202.44024658203125,204.11835001917973,200.34263633745982,200.3726011094186,54672600,AAPL,202.12203979492188,203.79073944091797,5.5796148595656065,0.00605607184084711
2025-06-11,198.55465698242188,204.26817387189894,198.18508130061548,203.26930749599725,60989900,AAPL,201.7053702218192,203.3860855102539,5.501336423804365,-0.019193760456297837
2025-06-12,198.97418212890625,199.45363372918547,197.13627162659284,198.85432303920933,43904600,AAPL,201.12460109165735,202.95252075195313,5.309806180999567,0.002112895022762018
2025-06-13,196.227294921875,200.1428492549886,195.47814514596445,199.50357538920457,51447300,AAPL,200.21563066755022,202.4001261393229,5.108295816274887,-0.013805244367089187
2025-06-16,198.195068359375,198.46476655376847,196.33717625414866,197.07634287373045,43020700,AAPL,199.9002729143415,202.178342183431,5.142647261155159,0.010028031208825672
2025-06-17,195.418212890625,198.16509536417735,194.98870767431248,196.97644196425614,38856200,AAPL,198.71875653948103,202.07880401611328,5.246072291314619,-0.014010719296581597
2025-06-18,196.35714721679688,197.3460303816964,194.84886452825484,195.71787336797544,45394700,AAPL,198.0238298688616,202.02319997151693,5.2990903987972615,0.004804743182752258
2025-06-20,200.7721405029297,201.47134391409438,196.6368343380514,198.01527480684123,96813500,AAPL,197.78552900041853,202.18991139729818,5.172771042872479,0.02248450514132916
2025-06-23,201.27157592773438,202.07067208145295,198.73446202428119,201.40143343464243,55814300,AAPL,198.1736602783203,202.33203786214193,5.083279298598649,0.00248757334336136
2025-06-24,200.07293701171875,203.2093768046809,199.9730442780961,202.36033429336192,54064000,AAPL,198.33062526157923,202.39962768554688,5.0375897131235705,-0.005955331300461331
2025-06-25,201.33151245117188,203.43912119943792,200.39257558111612,201.2216365357081,39525700,AAPL,199.05979919433594,202.0923100789388,4.798721118861966,0.0062905831155934955
2025-06-26,200.7721405029297,202.41028074115465,199.23389299836737,201.20164572639828,50799100,AAPL,199.4279523577009,201.6950942993164,4.364953643050747,-0.0027783626191049127
2025-06-27,200.85205078125,202.98962419564972,199.77327327657756,201.66113009938155,73188600,AAPL,200.20421491350447,201.32051951090494,3.8995752494254363,0.00039801477495893245
2025-06-30,204.93740844726562,207.15489297707504,199.0341046248948,201.78098710410558,91912800,AAPL,201.42996651785714,201.11142323811848,3.4985538056943235,0.020340134193924886
2025-07-01,207.58441162109375,209.95171998702364,205.90630823197938,206.4357061767528,78788900,AAPL,202.4031481061663,200.99688669840495,3.2070641109728295,0.012916154224275056
2025-07-02,212.1991729736328,213.09814660534315,207.9040445567577,208.6731759252599,67941800,AAPL,203.9642333984375,201.1187484741211,3.554354318809526,0.022230770203315764
2025-07-03,213.30792236328125,214.40666625629999,211.56988934364432,211.90950026104147,34955800,AAPL,205.85494559151786,201.34149576822918,4.081635583755339,0.005225041050401336
2025-07-07,209.7119903564453,215.9848699115094,208.56330013289198,212.43889126622693,50229000,AAPL,207.05215672084265,201.6031987508138,4.358398418939853,-0.016857939297312052
2025-07-08,209.7719268798828,211.1903153368944,208.213697736729,209.86183643928914,42848900,AAPL,208.3378404889788,201.89120534261068,4.604686025090512,0.0002858039892503772
2025-07-09,210.90065002441406,211.09043707809712,206.98509558510867,209.2924745188519,48749400,AAPL,209.77335466657365,202.41960550944012,4.700932144947384,0.005380715910463962
2025-07-10,212.16920471191406,213.23798377907798,209.7918979255535,210.27134950514616,44443600,AAPL,210.8064684186663,202.82581075032553,5.00011005597166,0.006014939675876629
2025-07-11,210.92062377929688,211.88952536572023,209.6220944658076,210.33129628612954,39765800,AAPL,211.28307015555245,203.18340504964192,5.185486812761039,-0.005884835805047839
2025-07-14,208.3834991455078,210.67091168904602,207.3047216270235,209.69201166358403,38840100,AAPL,210.73797389439173,203.47207743326823,5.22711043544112,-0.012028812490351148
2025-07-15,208.87295532226562,211.64980271899068,208.6831682659836,208.9828312368767,42296300,AAPL,210.10440717424666,203.74709879557292,5.288690118975023,0.0023488240612374867
2025-07-16,209.92176818847656,212.1592191902425,208.40348697906978,210.06160887608695,47490500,AAPL,210.1343754359654,204.02877960205078,5.387418971164583,0.0050212956703405975
2025-07-17,209.78192138671875,211.5599023237274,209.35240091776063,210.33130094399476,48068100,AAPL,210.13580322265625,204.25352478027344,5.48448909079444,-0.0006661853268702389
2025-07-18,210.9405975341797,211.54990664350106,209.46227954032304,210.63095139102305,48974600,AAPL,210.14151000976562,204.53187510172526,5.6076750044512655,0.005523241182089356
2025-07-21,212.23912048339844,215.53538252867688,211.39009321998003,211.8595616297783,51377400,AAPL,210.15149797712053,204.92642669677736,5.722354571333029,0.0061558702516160135
2025-07-22,214.15695190429688,214.7063314773177,211.9894136266437,212.89838571641525,46404100,AAPL,210.61383056640625,205.2753641764323,5.958572891775449,0.009036182474420285
2025-07-23,213.9072265625,214.90609293027538,212.1692088371252,214.75626907170553,46989300,AAPL,211.40293448311942,205.6982172648112,6.1091940702436265,-0.0011660856188711044
2025-07-24,213.51766967773438,215.44548969662856,213.28793468034502,213.65751035981805,46022600,AAPL,212.06646510532923,206.06746470133464,6.238878287872836,-0.0018211487803653226
2025-07-25,213.63754272460938,214.9960015887686,213.15807589620647,214.45660521718813,40268800,AAPL,212.5972900390625,206.57022755940756,6.2202814914384685,0.0005614197975087887
2025-07-28,213.80735778808594,214.60645396318566,212.81847455673218,213.78737619229818,37858000,AAPL,213.17235238211495,207.06466674804688,6.185096652928554,0.0007948746335069146
2025-07-29,211.03050231933594,214.5664825639156,210.58101550100253,213.93719187335407,51411700,AAPL,213.18519592285156,207.5581069946289,5.873323452483725,-0.012987651582609505
2025-07-30,208.81301879882812,212.14922883427738,207.48452469073794,211.65977882345743,45512500,AAPL,212.6957528250558,207.91203867594402,5.603361691253689,-0.010507881543836084
2025-07-31,207.33470153808594,209.60211724381097,206.92516266487007,208.25365677749065,80698400,AAPL,211.7211456298828,208.30925496419272,5.085599741103413,-0.007079622090835236
2025-08-01,202.1505889892578,213.33788973606855,201.27158167093614,210.63095505795985,104434500,AAPL,210.0416259765625,208.50236968994142,4.712397095340578,-0.0250035932739211
2025-08-04,203.11949157714844,207.64435521756303,201.4513712516652,204.27816503495924,75109300,AAPL,208.55617196219308,208.5806147257487,4.597709962450419,0.004792974350137147
2025-08-05,202.68995666503906,205.1072113881769,201.93082373064988,203.1694082424696,44155100,AAPL,206.99223109654017,208.62789408365884,4.526702058142111,-0.0021146907604691068
2025-08-06,213.0082550048828,215.1358452662651,205.35693489516686,205.39689808550258,108483100,AAPL,206.8780735560826,209.05907135009767,4.293791710803161,0.05090680618623611
2025-08-07,219.7805633544922,220.59964108330854,216.33447747046458,218.63187314031333,90224800,AAPL,208.12808227539062,209.67403971354167,4.46655159757395,0.03179364268982976
2025-08-08,229.0900115966797,230.73813503605493,219.00145500716468,220.57966572513484,113854000,AAPL,211.02479553222656,210.61796875,5.412496733692635,0.04235792328538146
2025-08-11,227.17999267578125,229.55999755859375,224.75999450683594,227.9199981689453,61806100,AAPL,213.8598371233259,211.49556681315104,5.8879790977397395,-0.008337416841468825
2025-08-12,229.64999389648438,230.8000030517578,227.07000732421875,228.00999450683594,55626200,AAPL,217.78832353864397,212.31931966145834,6.621796184926206,0.010872441677679756
2025-08-13,233.3300018310547,235.0,230.42999267578125,231.07000732421875,69878500,AAPL,222.10411071777344,213.17750600179036,7.585222143373793,0.01602441991019199
2025-08-14,232.77999877929688,235.1199951171875,230.85000610351562,234.05999755859375,51916300,AAPL,226.4026881626674,213.86353352864583,8.382481380041707,-0.0023571895917441354
2025-08-15,231.58999633789062,234.27999877929688,229.33999633789062,234.0,56038700,AAPL,229.0572226388114,214.47293599446616,8.983685342226002,-0.005112133549474374
2025-08-18,230.88999938964844,233.1199951171875,230.11000061035156,231.6999969482422,37476200,AAPL,230.64428492954798,215.17886962890626,9.418240859578347,-0.0030225698834628334
2025-08-19,230.55999755859375,232.8699951171875,229.35000610351562,231.27999877929688,39402600,AAPL,230.85428292410714,215.8718053181966,9.765057049456981,-0.001429259958971918
2025-08-20,226.00999450683594,230.47000122070312,225.77000427246094,229.97999572753906,42263900,AAPL,230.68714032854353,216.37545013427734,9.888681422930535,-0.019734572779050663
2025-08-21,224.89999389648438,226.52000427246094,223.77999877929688,226.27000427246094,30593700,AAPL,230.0085688999721,216.79980977376303,9.974739649068082,-0.004911289931109564
